dbn,ontrack_year1_2013,graduation_rate_2013,college_career_rate_2013,ontrack_year1_2014,graduation_rate_2014,college_career_rate_2014,ontrack_year1_boro,graduation_rate_boro,college_career_rate_boro,pct_stu_enough_variety_2014,pct_stu_safe_2014,quality_review_year,qr_curriculum,qr_instruction,qr_assessing_student_learning,qr_high_expectations,qr_teacher_collaboration,total_days,days_absent,days_present,percent_attend,20plus_days,chronic_absent,percent_chronic
01M292,62%,58%,32%,63%,43%,41%,85%,70%,53%,77%,76%,2013-2014,P,D,P,P,P,4808.871595330739,1248.9292604501609,5724.070739549839,82.7836012861736,44.72668810289389,22.234726688102892,47.68327974276529
01M448,83%,78%,55%,90%,80%,52%,85%,70%,53%,75%,90%,2012-2013,P,P,P,P,P,10959.509803921568,1265.7018633540372,11970.124223602485,89.9860248447205,84.45652173913044,25.142857142857142,31.362111801242236
01M509,59%,36%,38%,59%,48%,26%,85%,70%,53%,28%,71%,2013-2014,D,D,D,D,P,7230.54,2129.0780669144983,7638.111524163569,78.3386617100372,62.57992565055762,39.765799256505574,63.335687732342016
01M539,99%,98%,84%,97%,95%,89%,85%,70%,53%,75%,87%,2010-2011,WD,P,P,WD,D,19412.025067144135,876.9128491620112,21105.22905027933,95.83396648044688,127.48715083798882,8.929943502824859,7.655028248587574
01M696,96%,98%,94%,98%,100%,93%,85%,70%,53%,90%,98%,2013-2014,WD,WD,P,WD,WD,16980.88101265823,973.8673469387755,18344.54761904762,94.8870748299319,117.39795918367346,12.380952380952381,11.021088435374155
02M047,98%,71%,42%,90%,69%,62%,85%,70%,53%,50%,90%,2013-2014,P,P,P,P,P,5378.339240506329,909.4538152610442,6468.277108433735,87.32489959839357,46.48995983935743,20.016064257028113,44.612449799196774
02M294,90%,65%,49%,88%,71%,40%,85%,70%,53%,88%,96%,2013-2014,WD,P,WD,WD,P,9962.796116504855,1516.437106918239,10309.4213836478,87.3135220125786,72.24842767295597,24.930817610062892,34.33867924528301
02M300,73%,55%,55%,79%,65%,43%,85%,70%,53%,66%,82%,2013-2014,P,P,P,P,P,10829.218673218673,2418.4861538461537,10624.553846153845,81.30492307692315,83.31384615384616,44.54769230769231,53.33723076923073
02M303,78%,62%,52%,83%,72%,49%,85%,70%,53%,78%,87%,2011-2012,P,P,P,WD,P,11315.442542787287,2551.093373493976,11185.939759036144,81.41144578313258,88.18072289156626,46.4277108433735,52.889759036144596
02M305,83%,83%,60%,90%,87%,69%,85%,70%,53%,66%,80%,2012-2013,P,P,P,P,P,9219.50495049505,1730.2405498281787,9983.395189003437,85.26460481099653,75.17182130584193,35.439862542955325,46.66323024054979
02M316,77%,75%,48%,71%,77%,62%,85%,70%,53%,64%,91%,2011-2012,P,P,D,P,P,9475.727748691099,2359.937037037037,9815.177777777777,80.48407407407409,78.36296296296297,43.97037037037037,55.188888888888904
02M374,82%,77%,50%,79%,74%,54%,85%,70%,53%,52%,73%,2012-2013,D,D,D,D,D,14652.642335766423,2481.0476190476193,14420.041666666666,84.92619047619048,105.83928571428571,46.157738095238095,44.15089285714283
02M376,98%,94%,86%,97%,96%,78%,85%,70%,53%,89%,96%,2013-2014,WD,P,WD,WD,WD,13071.20588235294,890.1745562130177,12731.076923076924,93.33520710059173,83.60355029585799,14.698224852071005,18.09615384615386
02M400,85%,83%,64%,80%,84%,70%,85%,70%,53%,83%,83%,2013-2014,P,P,P,P,P,34544.448687350836,5000.761154855643,32797.27296587927,85.73202099737536,237.07874015748033,83.08136482939632,36.62283464566928
02M407,100%,94%,58%,100%,90%,84%,85%,70%,53%,84%,95%,2012-2013,WD,WD,WD,WD,WD,9359.753943217665,669.9775510204082,9999.33469387755,93.0326530612245,63.53265306122449,8.548979591836735,15.54408163265306
02M408,93%,96%,66%,89%,94%,66%,85%,70%,53%,58%,89%,2013-2014,P,P,P,P,P,10328.614896988907,760.0803382663847,11386.530655391121,93.72938689217754,73.55179704016913,11.832980972515855,15.863424947145893
02M413,95%,85%,77%,99%,91%,78%,85%,70%,53%,75%,88%,2010-2011,WD,WD,WD,WD,P,14393.171779141105,741.6068965517242,14253.251724137932,94.98827586206886,85.55344827586207,10.041958041958042,12.195979020979035
02M419,80%,50%,41%,80%,66%,35%,85%,70%,53%,74%,84%,2012-2013,P,D,P,P,P,10108.642335766423,2440.231012658228,10089.518987341773,80.37120253164557,79.68354430379746,44.9746835443038,56.16392405063291
02M420,89%,86%,77%,92%,90%,76%,85%,70%,53%,78%,87%,2013-2014,P,P,P,P,WD,49033.26315789474,4556.285326086957,49184.676630434784,90.8206521739131,333.79891304347825,73.97282608695652,24.23097826086958
02M425,75%,68%,43%,82%,64%,41%,85%,70%,53%,71%,81%,2013-2014,P,P,P,WD,P,16751.514285714286,3676.985549132948,15954.277456647398,80.60982658959541,124.63294797687861,65.48554913294798,52.61416184971094
02M449,68%,75%,59%,80%,75%,47%,85%,70%,53%,82%,90%,2011-2012,P,P,P,P,P,12756.057279236276,1923.121301775148,12948.757396449704,87.47130177514792,93.91124260355029,40.387573964497044,41.744970414201184
02M459,81%,56%,55%,95%,71%,52%,85%,70%,53%,90%,96%,2011-2012,P,P,P,P,P,9577.429280397022,1152.359375,9719.25625,89.5256249999999,69.9875,23.170347003154575,32.38675078864353
02M489,83%,75%,77%,88%,82%,70%,85%,70%,53%,77%,88%,2013-2014,WD,P,P,P,P,21398.42891566265,2541.8507042253523,21521.901408450703,89.0994366197184,152.10422535211268,41.10985915492958,27.703380281690126
02M500,80%,68%,40%,78%,68%,28%,85%,70%,53%,90%,95%,2011-2012,D,D,P,P,P,7619.8536585365855,1655.8485915492959,8172.767605633803,82.42605633802818,61.978873239436616,28.02112676056338,46.391901408450714
02M519,97%,96%,81%,94%,95%,76%,85%,70%,53%,62%,91%,2012-2013,WD,P,WD,WD,P,15009.654135338345,1320.8517350157729,15258.13880126183,91.902523659306,101.41324921135647,23.820189274447948,23.933438485804434
02M520,56%,51%,43%,52%,51%,36%,85%,70%,53%,62%,63%,2013-2014,D,D,D,P,D,17100.70588235294,5841.664516129033,16261.377419354838,76.10612903225808,148.59677419354838,94.95065789473684,57.226315789473695
02M529,67%,66%,43%,81%,61%,45%,85%,70%,53%,62%,90%,2013-2014,D,D,D,P,P,17117.44927536232,4186.155425219941,15966.357771260997,79.02991202346047,131.48387096774192,74.67155425219941,56.82727272727272
02M551,90%,71%,71%,82%,76%,51%,85%,70%,53%,60%,84%,2013-2014,P,D,P,P,D,13308.290556900727,1582.3671641791045,13475.662686567164,89.19970149253732,94.26268656716418,28.18918918918919,30.444744744744746
02M580,71%,72%,55%,64%,71%,59%,85%,70%,53%,55%,76%,2010-2011,P,P,D,P,P,14741.417475728156,2333.0543806646524,15149.045317220543,87.1749244712991,111.57099697885197,40.894259818731115,34.64954682779456
02M615,83%,80%,41%,75%,85%,56%,85%,70%,53%,70%,86%,2011-2012,P,P,P,P,P,12395.883495145632,1897.29179331307,12737.474164133739,87.19179331306992,91.85106382978724,37.443768996960486,40.36869300911856
02M630,81%,84%,82%,82%,81%,62%,85%,70%,53%,77%,78%,2010-2011,P,P,P,P,P,40288.301886792455,4495.273504273504,40436.81766381767,90.07350427350427,276.11965811965814,78.9364161849711,28.178612716763013
02M655,82%,64%,40%,74%,76%,43%,85%,70%,53%,79%,69%,2013-2014,P,P,D,P,D,12104.542713567838,2882.096196868009,12631.187919463087,81.83691275167784,99.74049217002238,53.60626398210291,52.001342281879154
03M299,74%,75%,40%,77%,72%,44%,85%,70%,53%,72%,81%,2013-2014,P,P,P,P,D,11606.956097560975,2501.5148809523807,11395.345238095239,81.78273809523813,89.94345238095238,47.107142857142854,52.9747023809524
03M307,77%,61%,40%,75%,67%,41%,85%,70%,53%,67%,87%,2013-2014,P,D,P,P,P,11442.660146699267,2180.216049382716,11661.037037037036,83.65648148148146,88.0925925925926,47.32716049382716,54.940740740740736
03M415,57%,44%,31%,52%,50%,23%,85%,70%,53%,63%,76%,2013-2014,D,D,D,P,P,7408.593591905565,1785.6458333333333,8591.888020833334,84.06302083333334,64.78125,31.937007874015748,45.853280839895
03M492,76%,74%,41%,70%,72%,48%,85%,70%,53%,73%,79%,2011-2012,WD,WD,WD,WD,WD,13968.296296296296,2678.244648318043,14076.642201834862,83.84434250764528,107.19266055045871,48.305810397553515,45.09541284403671
03M494,77%,64%,51%,81%,61%,39%,85%,70%,53%,50%,72%,2013-2014,D,D,D,D,D,15161.167464114833,3665.1209439528025,14514.17994100295,78.77138643067833,119.37463126843657,67.53982300884955,57.736578171091466
03M541,94%,91%,89%,97%,98%,89%,85%,70%,53%,70%,92%,2011-2012,P,P,P,WD,P,13345.809045226131,370.047197640118,13803.941002949852,97.26047197640119,86.6047197640118,4.759643916913946,5.9314540059347145
03M860,89%,65%,59%,89%,73%,42%,85%,70%,53%,72%,68%,2011-2012,WD,P,D,P,P,7391.9412724306685,1834.725,8649.93,82.74599999999998,67.2825,34.8275,49.81249999999998
04M409,65%,41%,22%,66%,27%,30%,85%,70%,53%,80%,86%,2013-2014,P,D,D,P,P,6470.465256797583,1611.831223628692,6742.236286919831,81.79156118143466,55.32067510548523,32.970464135021096,58.125738396624484
04M435,95%,90%,77%,96%,94%,77%,85%,70%,53%,88%,90%,2013-2014,P,WD,WD,WD,P,45620.68257756563,3186.3824289405684,44483.6330749354,92.86020671834622,292.8397932816537,51.19638242894057,18.556847545219625
04M610,95%,100%,91%,93%,100%,97%,85%,70%,53%,62%,92%,2010-2011,WD,P,P,WD,WD,9644.30313014827,700.9478672985782,11903.511848341232,94.38483412322275,74.74644549763033,13.056872037914692,17.973696682464457
04M680,78%,61%,36%,76%,70%,33%,85%,70%,53%,72%,73%,2012-2013,P,D,P,P,P,9075.307317073171,1808.5234657039712,10381.743682310469,85.16895306859207,79.27075812274369,35.22627737226277,43.72299270072995
05M304,76%,69%,45%,82%,66%,47%,85%,70%,53%,66%,81%,2012-2013,D,D,D,P,P,10671.534653465347,2030.9931506849316,11740.184931506848,85.22363013698633,91.67465753424658,38.81849315068493,42.19383561643833
05M367,63%,59%,23%,57%,45%,46%,85%,70%,53%,49%,72%,2013-2014,P,D,P,P,P,4945.411764705882,1865.2901785714287,5096.464285714285,73.95535714285711,46.732142857142854,31.059360730593607,63.9251141552511
05M369,85%,68%,60%,79%,77%,49%,85%,70%,53%,40%,68%,2013-2014,D,D,D,D,P,10278.603015075378,2514.277192982456,10787.529824561403,81.06982456140351,86.29473684210527,51.1719298245614,59.380701754385974
05M499,64%,80%,76%,78%,68%,78%,85%,70%,53%,82%,59%,2013-2014,P,D,P,WD,P,25266.762633996936,3202.545105566219,27252.723608445296,89.87408829174666,191.79462571976967,59.88867562380038,29.75278310940499
05M670,63%,94%,63%,74%,84%,78%,85%,70%,53%,68%,84%,2013-2014,P,D,P,P,P,11159.820598006645,990.3199105145413,12948.304250559284,92.95100671140939,85.21476510067114,14.822471910112359,16.858651685393266
06M346,64%,58%,45%,75%,62%,48%,85%,70%,53%,89%,92%,2013-2014,P,D,P,P,WD,13046.95623987034,2139.7102040816326,13880.379591836734,85.02551020408166,97.39591836734694,36.20654396728016,39.11595092024533
06M348,77%,66%,58%,85%,78%,58%,85%,70%,53%,83%,93%,2011-2012,P,WD,WD,WD,WD,11178.911270983213,1412.1827956989248,12470.686635944701,89.96236559139788,83.92165898617512,27.14592933947773,31.468817204301086
06M463,68%,62%,45%,62%,61%,33%,85%,70%,53%,78%,80%,2013-2014,P,D,P,P,P,12761.225316455697,2324.6245733788396,13971.300341296928,85.61399317406142,110.07508532423208,41.15017064846416,37.333105802047804
06M468,65%,49%,36%,70%,59%,35%,85%,70%,53%,73%,76%,2013-2014,D,D,D,P,D,14358.043373493976,2470.9473684210525,16597.968421052632,87.01859649122807,125.50526315789473,48.223404255319146,37.99787234042555
06M540,73%,73%,65%,71%,76%,49%,85%,70%,53%,93%,84%,2012-2013,D,D,D,P,P,38716.095465393795,5925.895833333333,35832.721354166664,85.86874999999999,266.2057291666667,107.8515625,40.14609374999996
07X221,91%,86%,63%,84%,87%,51%,79%,59%,41%,78%,85%,2012-2013,P,P,P,WD,P,12864.365971107543,1355.6601466992665,15836.728606356968,92.05305623471878,102.50122249388752,25.678132678132677,24.604176904176924
07X334,55%,31%,28%,74%,40%,19%,79%,59%,41%,84%,85%,2013-2014,D,P,P,P,P,12303.862407862407,2198.050980392157,14219.93725490196,86.20627450980398,108.07450980392157,40.36078431372549,37.081568627450956
07X427,78%,69%,53%,70%,63%,46%,79%,59%,41%,77%,77%,2013-2014,WD,P,P,P,P,9555.98969072165,2558.6785714285716,9706.057142857142,79.83178571428577,81.95357142857142,50.47857142857143,60.708571428571446
07X473,79%,51%,42%,74%,57%,27%,79%,59%,41%,79%,92%,2013-2014,D,D,D,P,D,10979.084210526316,2993.6925925925925,11000.962962962964,78.35148148148151,94.64814814814815,57.007462686567166,60.20223880597014
07X500,82%,75%,76%,87%,88%,64%,79%,59%,41%,54%,78%,2013-2014,D,D,D,P,D,10323.1296,1042.210643015521,12104.259423503327,91.6964523281597,78.93569844789357,18.550335570469798,24.626398210290823
07X520,62%,48%,34%,53%,42%,41%,79%,59%,41%,42%,62%,2012-2013,D,D,D,P,D,4448.953367875648,1273.258064516129,4799.6612903225805,80.13629032258066,42.903225806451616,25.911290322580644,58.5725806451613
07X527,91%,62%,55%,94%,65%,55%,79%,59%,41%,92%,92%,2013-2014,D,D,P,P,P,14618.748768472906,2769.150769230769,15056.726153846153,84.45630769230769,114.80307692307693,55.316923076923075,48.079076923076926
07X551,68%,87%,65%,85%,65%,58%,79%,59%,41%,78%,79%,2013-2014,P,D,P,WD,P,12141.809210526315,2141.979079497908,12462.76569037657,84.97531380753139,87.24267782426779,42.30753138075314,48.934937238493724
07X600,75%,51%,23%,77%,64%,19%,79%,59%,41%,80%,71%,2012-2013,D,UD,D,D,D,12616.285714285714,2606.2013651877132,13392.539249146757,83.41058020477811,100.9283276450512,53.09621993127148,53.24089347079038
07X670,68%,69%,54%,50%,56%,47%,79%,59%,41%,64%,66%,2013-2014,P,D,P,P,P,14993.556650246306,3747.7476923076924,14348.384615384615,79.2086153846154,121.92923076923077,69.45538461538462,56.742461538461534
08X282,63%,66%,43%,68%,72%,51%,79%,59%,41%,44%,58%,2013-2014,P,D,D,D,P,9545.448818897637,2619.141342756184,9156.452296819787,77.85512367491167,77.73851590106007,50.54416961130742,64.37985865724382
08X293,80%,80%,41%,80%,73%,54%,79%,59%,41%,80%,71%,2012-2013,P,D,P,WD,P,12969.453658536586,2736.3478260869565,12891.431677018634,82.25341614906833,100.57142857142857,53.78816199376947,54.251713395638625
08X305,82%,61%,27%,85%,70%,30%,79%,59%,41%,75%,79%,2010-2011,D,D,P,P,D,8912.131868131868,1756.4,8728.317391304348,83.3795652173912,70.97826086956522,32.778260869565216,44.603913043478244
08X332,74%,51%,27%,61%,46%,28%,79%,59%,41%,72%,89%,2013-2014,P,P,P,P,P,5751.8899082568805,1323.0452261306532,6650.949748743718,82.21155778894472,53.2964824120603,27.512562814070353,54.60251256281404
08X405,55%,54%,33%,71%,52%,37%,79%,59%,41%,73%,60%,2013-2014,D,D,P,D,D,31506.5584725537,6497.230569948187,27490.784974093265,82.26580310880826,219.49740932642487,109.69451697127937,46.960313315926854
08X452,79%,52%,45%,71%,57%,32%,79%,59%,41%,57%,80%,2012-2013,D,D,UD,D,D,10760.029411764706,2865.0341614906833,10383.664596273293,78.36583850931682,87.1055900621118,54.254658385093165,62.69937888198755
08X519,75%,43%,32%,67%,42%,24%,79%,59%,41%,41%,69%,2013-2014,D,D,D,P,D,7319.041420118343,2117.621276595745,7778.651063829787,78.06297872340429,68.2,39.787234042553195,58.60382978723407
08X530,80%,42%,33%,76%,40%,22%,79%,59%,41%,77%,74%,2013-2014,P,D,P,P,D,8052.220472440945,2405.6347517730496,7756.68085106383,76.59751773049643,68.45744680851064,44.74285714285714,63.760000000000026
09X227,69%,57%,34%,67%,55%,34%,79%,59%,41%,93%,90%,2013-2014,D,D,P,WD,P,11371.150895140665,2302.7815384615383,11177.32,83.14707692307694,87.28307692307692,41.77538461538462,47.65323076923073
09X231,69%,68%,58%,61%,71%,51%,79%,59%,41%,83%,72%,2011-2012,P,P,P,WD,P,12216.192857142858,1619.8858560794044,14053.950372208437,89.77444168734489,97.24565756823822,28.848866498740556,28.845843828715367
09X241,84%,89%,92%,82%,76%,69%,79%,59%,41%,70%,77%,2012-2013,WD,P,WD,WD,WD,12408.776119402984,1674.1342592592594,14036.092592592593,89.00486111111107,94.22453703703704,31.50925925925926,34.22754629629627
09X250,77%,82%,46%,88%,85%,68%,79%,59%,41%,78%,86%,2012-2013,P,P,D,WD,P,12407.70802919708,2079.962068965517,14257.879310344828,87.0075862068965,104.44827586206897,41.436619718309856,39.47253521126756
09X252,83%,85%,65%,72%,69%,69%,79%,59%,41%,75%,81%,2012-2013,P,D,P,P,P,11649.16923076923,2081.6942675159235,11828.605095541401,83.95605095541404,87.93630573248407,39.90127388535032,47.23917197452229
09X263,89%,65%,41%,74%,58%,49%,79%,59%,41%,86%,92%,2013-2014,D,D,D,D,P,11307.30612244898,2664.0066666666667,11492.686666666666,80.934,91.21666666666667,48.9593220338983,54.026101694915255
09X276,51%,56%,28%,60%,41%,25%,79%,59%,41%,69%,82%,2012-2013,P,P,P,P,P,5896.395061728395,1854.4267515923566,5846.700636942675,76.09808917197456,53.49044585987261,32.66451612903226,60.20516129032258
09X297,71%,63%,34%,78%,59%,39%,79%,59%,41%,74%,73%,2010-2011,P,D,P,D,P,12480.274809160306,2821.6204620462045,12575.650165016501,80.8957095709571,100.02640264026402,49.07260726072607,50.39042904290429
09X329,77%,33%,37%,80%,44%,24%,79%,59%,41%,81%,80%,2011-2012,P,D,P,P,P,9007.21850899743,2026.2047781569966,9263.907849829351,82.46279863481229,75.82935153583618,37.6159169550173,48.14671280276815
09X365,98%,86%,42%,99%,91%,60%,79%,59%,41%,85%,96%,2012-2013,WD,P,WD,WD,P,12162.957654723126,1516.3280423280423,12690.111111111111,88.4206349206349,88.71957671957672,31.402116402116402,37.3825396825397
09X404,73%,62%,27%,75%,50%,40%,79%,59%,41%,54%,79%,2011-2012,D,D,P,P,P,10774.466165413534,3850.5065359477126,9631.656862745098,70.51666666666671,88.7483660130719,59.41503267973856,67.45163398692809
09X412,70%,43%,34%,73%,45%,23%,79%,59%,41%,76%,83%,2012-2013,D,D,D,D,D,8615.528255528256,2161.695945945946,9110.827702702703,81.52229729729723,76.89527027027027,38.05821917808219,48.34657534246574
09X413,94%,88%,84%,89%,83%,69%,79%,59%,41%,46%,75%,2010-2011,WD,D,P,WD,P,8369.579617834395,697.5637149028078,9744.36717062635,93.19071274298048,63.131749460043196,12.389130434782608,19.997391304347826
09X505,71%,84%,66%,82%,77%,70%,79%,59%,41%,71%,71%,2012-2013,P,D,P,P,P,14552.734059097978,1496.5930470347648,16664.91615541922,91.60081799590996,110.25562372188139,26.648261758691206,23.653169734151344
09X517,66%,69%,49%,77%,72%,32%,79%,59%,41%,70%,87%,2012-2013,D,D,P,WD,P,11843.55773955774,3452.85,11743.75,77.03533333333334,101.95333333333333,66.80405405405405,64.76925675675675
09X525,74%,57%,48%,57%,61%,37%,79%,59%,41%,66%,67%,2013-2014,P,P,P,P,P,18292.847290640395,4231.0564263322885,18224.636363636364,80.66238244514103,148.63009404388714,79.02857142857142,53.83873015873014
10X141,78%,78%,67%,81%,83%,61%,79%,59%,41%,74%,70%,2010-2011,P,P,P,P,P,26821.978625954198,1945.4940577249577,27234.18166383701,93.03174872665538,174.93039049235992,32.99320882852292,20.22088285229202
10X213,80%,74%,44%,78%,60%,50%,79%,59%,41%,65%,67%,2013-2014,D,D,D,P,P,11627.2628992629,2803.72,11927.44,81.21299999999998,96.90666666666667,51.56521739130435,52.13578595317727
10X225,84%,83%,67%,77%,76%,72%,79%,59%,41%,74%,78%,2012-2013,P,D,P,P,P,11278.384976525822,1705.55081300813,12261.461382113821,88.13780487804877,85.02235772357723,33.58536585365854,37.7723577235772
10X237,84%,67%,66%,79%,68%,53%,79%,59%,41%,59%,77%,2012-2013,P,D,P,P,P,14753.682692307691,3035.227138643068,14506.905604719765,82.31120943952803,115.29498525073747,53.78171091445428,47.14896755162243
10X243,75%,74%,38%,79%,65%,40%,79%,59%,41%,74%,69%,2012-2013,D,D,D,D,D,11492.21350078493,1638.6912751677853,13506.651006711409,88.4158836689039,91.87472035794184,27.926174496644297,30.71431767337804
10X268,78%,48%,47%,83%,57%,40%,79%,59%,41%,90%,87%,2012-2013,D,D,D,P,P,13324.1608040201,2605.438524590164,15741.311475409837,85.22868852459021,119.09426229508196,46.631147540983605,38.531557377049175
10X284,62%,66%,47%,53%,65%,47%,79%,59%,41%,70%,74%,2013-2014,P,D,P,P,P,11567.764127764127,2807.6779141104294,11333.10736196319,80.37607361963188,94.82208588957056,53.82515337423313,56.01503067484663
10X342,86%,65%,38%,86%,61%,37%,79%,59%,41%,91%,89%,2012-2013,D,D,D,D,WD,12860.493041749503,1202.7062146892656,14423.75988700565,92.43192090395479,98.02824858757062,19.497175141242938,18.83926553672317
10X368,69%,69%,68%,74%,90%,58%,79%,59%,41%,73%,77%,2013-2014,P,P,D,P,P,18748.440366972478,1613.934306569343,20259.160583941604,92.59379562043796,132.5310218978102,30.259597806215723,22.67970749542964
10X374,86%,85%,61%,77%,83%,63%,79%,59%,41%,88%,91%,2011-2012,P,P,WD,WD,WD,13321.171428571428,2295.8201219512193,14114.704268292682,85.58262195121951,103.3079268292683,44.9390243902439,43.73597560975611
10X433,73%,68%,30%,90%,72%,39%,79%,59%,41%,68%,69%,2013-2014,D,D,D,P,D,12933.203883495145,2913.756923076923,13019.243076923078,81.50615384615391,103.54153846153847,53.47076923076923,51.70061538461541
10X437,88%,85%,33%,94%,77%,44%,79%,59%,41%,80%,84%,2013-2014,WD,P,P,WD,WD,10891.092269326684,1125.256140350877,12797.456140350878,91.95403508771935,86.24561403508773,20.63157894736842,23.771929824561425
10X438,78%,38%,31%,71%,40%,22%,79%,59%,41%,73%,85%,2012-2013,D,D,P,D,D,11196.6,1739.2239747634069,11995.173501577287,87.65962145110417,88.81072555205047,33.13564668769716,35.251104100946385
10X439,78%,68%,45%,84%,75%,41%,79%,59%,41%,60%,72%,2011-2012,P,D,D,P,P,11479.83495145631,2331.1054313099044,11987.373801916932,83.46805111821081,91.81150159744409,46.501597444089455,50.67444089456868
10X440,53%,55%,34%,69%,45%,39%,79%,59%,41%,82%,58%,2013-2014,D,D,D,D,D,46376.514285714286,8618.633165829146,40236.6432160804,83.03517587939699,323.45226130653265,147.93718592964825,44.924120603015034
10X442,78%,87%,54%,88%,89%,62%,79%,59%,41%,68%,74%,2013-2014,D,P,D,P,D,12274.565853658536,1463.849180327869,14163.465573770492,90.8501639344262,97.17377049180328,30.334426229508196,30.181639344262305
10X546,74%,74%,50%,60%,71%,54%,79%,59%,41%,79%,63%,2013-2014,P,D,D,P,P,11453.593984962406,3067.635738831615,11632.19587628866,79.39862542955332,97.79037800687286,59.70446735395189,61.43539518900348
10X549,76%,57%,37%,77%,63%,29%,79%,59%,41%,50%,74%,2011-2012,P,P,WD,WD,WD,13909.04347826087,2499.4149659863947,15905.462585034014,86.29761904761895,119.5,37.377162629757784,31.003460207612452
11X253,81%,54%,27%,81%,62%,18%,79%,59%,41%,82%,81%,2012-2013,P,P,P,P,P,9964.639618138424,2078.2388535031846,10547.617834394905,83.18821656050955,83.22292993630573,38.37299035369775,46.5421221864952
11X265,81%,66%,39%,74%,69%,41%,79%,59%,41%,63%,72%,2012-2013,P,D,P,P,P,11928,2593.8443113772455,11849.84131736527,81.58353293413172,93.4880239520958,46.59880239520958,50.459580838323355
11X270,80%,74%,34%,71%,68%,43%,79%,59%,41%,44%,57%,2011-2012,D,D,D,D,D,10461.320930232558,2168.4825396825395,11109.019047619047,83.08666666666667,87.44126984126984,43.32051282051282,50.07916666666668
11X288,77%,89%,81%,90%,82%,72%,79%,59%,41%,81%,76%,2010-2011,P,D,D,WD,P,18079.620853080567,2408.3253012048194,18700.689759036144,87.8370481927711,132.8975903614458,43.079268292682926,33.43048780487805
11X299,80%,63%,45%,76%,65%,49%,79%,59%,41%,56%,67%,2013-2014,P,D,D,P,P,13334.66985645933,2293.842105263158,13295.049707602338,85.39678362573099,98.2280701754386,39.74269005847953,40.29649122807015
11X418,66%,58%,35%,63%,57%,34%,79%,59%,41%,62%,74%,2012-2013,D,D,D,D,D,13395.795620437957,2552.230283911672,13865.441640378549,85.0413249211356,105.29968454258675,48.078864353312305,44.7533123028391
11X455,67%,58%,34%,71%,66%,34%,79%,59%,41%,85%,69%,2013-2014,D,D,P,WD,D,56405.25714285715,6621.736147757256,55428.11345646438,89.72532981530345,399.2031662269129,103.5,24.93909574468084
11X514,74%,57%,24%,75%,72%,34%,79%,59%,41%,73%,73%,2013-2014,P,D,P,P,P,11433.384987893462,1368.1529051987768,12456.45871559633,90.00214067278289,92.40366972477064,25.186544342507645,27.470642201834874
11X542,81%,95%,83%,82%,89%,79%,79%,59%,41%,71%,77%,2010-2011,P,D,P,WD,P,14081.855072463768,1522.4229607250754,15022.09667673716,90.6616314199396,104.27492447129909,28.676737160120847,27.69758308157101
11X545,66%,74%,58%,74%,59%,36%,79%,59%,41%,46%,49%,2011-2012,P,D,D,P,D,10118.02375296912,2446.7866242038217,10405.073248407643,81.16050955414018,84.98407643312102,40.74516129032258,47.975483870967714
12X251,78%,55%,41%,83%,65%,35%,79%,59%,41%,78%,90%,2012-2013,P,D,P,P,P,10203.9,2257.0097402597403,10398.461038961039,81.65097402597404,84.51948051948052,46.01623376623377,55.34448051948051
12X271,77%,70%,46%,69%,80%,45%,79%,59%,41%,64%,70%,2013-2014,D,D,D,D,P,12630.03821656051,2463.006036217304,12886.523138832998,83.81931589537227,96.78873239436619,49.52917505030181,50.90804828973843
12X278,59%,43%,23%,54%,33%,17%,79%,59%,41%,58%,74%,2013-2014,D,D,D,D,D,4802.68085106383,1971.4358974358975,4481.529914529914,69.72478632478632,45.282051282051285,33.41880341880342,72.22478632478632
12X388,91%,68%,31%,94%,76%,39%,79%,59%,41%,90%,94%,2013-2014,WD,WD,WD,WD,WD,16988.262295081968,2601.9156626506024,18308.114457831325,87.01927710843374,141.53614457831324,54.933734939759034,41.924698795180724
12X550,70%,47%,29%,87%,63%,25%,79%,59%,41%,84%,80%,2013-2014,D,D,D,P,P,12307.959183673469,2574.284046692607,13009.824902723736,83.3089494163424,103.50972762645914,46.55642023346304,44.424902723735386
13K265,83%,63%,44%,60%,66%,36%,82%,68%,50%,56%,71%,2013-2014,WD,P,P,P,P,7856.773770491804,2028.1281407035176,8709.291457286432,81.8658291457286,66.78140703517587,40.404522613065325,57.63090452261307
13K350,88%,49%,47%,76%,60%,32%,82%,68%,50%,65%,77%,2011-2012,P,P,P,P,P,9090.924281984335,2233.950943396226,9354.909433962264,79.80641509433961,74.75471698113208,41.29811320754717,54.846792452830194
13K412,81%,70%,44%,79%,78%,46%,82%,68%,50%,73%,80%,2011-2012,P,D,P,P,P,11743.701492537313,2453.0588235294117,12606.103806228373,83.54705882352934,96.54671280276817,47.449826989619375,49.529757785467126
13K419,87%,69%,51%,84%,71%,44%,82%,68%,50%,33%,54%,2013-2014,P,D,P,D,P,15271.952153110047,1628.3049853372434,16295.853372434018,90.41964809384163,114.17008797653959,29.35190615835777,26.75395894428151
13K430,99%,98%,83%,97%,98%,91%,82%,68%,50%,87%,88%,2011-2012,WD,WD,D,P,D,164358.53201970443,6066.969945355191,156382.96721311475,95.45737704918027,990.4426229508197,80.57340720221606,10.137396121883656
13K483,87%,89%,82%,95%,88%,82%,82%,68%,50%,84%,79%,2012-2013,WD,P,WD,WD,WD,13165.791044776119,1524.9243421052631,14369.825657894737,90.03980263157895,98.85526315789474,29.792763157894736,31.114144736842107
13K499,72%,71%,43%,64%,67%,62%,82%,68%,50%,43%,76%,2013-2014,P,P,P,P,P,10014.074812967581,3024.701818181818,10502.236363636364,76.0283636363636,90.0690909090909,49.43272727272727,56.57272727272731
13K605,75%,67%,33%,71%,79%,35%,82%,68%,50%,68%,65%,2012-2013,P,P,P,P,P,19406.06698564593,3051.3684210526317,20509.6439628483,86.20712074303403,149.39009287925697,58.89783281733746,41.7594427244582
13K670,91%,95%,76%,88%,95%,79%,82%,68%,50%,78%,83%,2010-2011,P,P,P,P,P,25221.711491442544,3558.0032362459547,27218.24919093851,87.83042071197417,191.0032362459547,75.27450980392157,40.311764705882304
14K071,68%,48%,30%,74%,59%,35%,82%,68%,50%,79%,77%,2012-2013,D,D,D,P,P,12028.908212560387,1798.7548262548262,12390.490347490348,87.5160231660231,87.87644787644787,35.1988416988417,39.39092664092667
14K449,95%,100%,87%,97%,99%,97%,82%,68%,50%,74%,94%,2011-2012,WD,P,WD,WD,WD,20348.354430379746,1367.7391304347825,19680.35652173913,93.03999999999999,127.18260869565218,30.924198250728864,25.639358600583087
14K454,81%,49%,30%,86%,51%,22%,82%,68%,50%,61%,81%,2012-2013,D,D,P,P,P,8237.326530612245,1661.0215384615385,8122.052307692307,82.46830769230768,65.16,33.566153846153846,52.75507692307694
14K474,72%,59%,44%,67%,59%,35%,82%,68%,50%,79%,72%,2013-2014,D,D,P,P,D,25146.976076555024,5811.037267080746,26017.316770186335,81.636645962733,206.33540372670808,99.68012422360249,48.06397515527949
14K477,55%,43%,45%,70%,54%,27%,82%,68%,50%,80%,76%,2012-2013,D,D,D,D,P,13484.18858560794,3813.0771604938273,12599.641975308641,76.72654320987657,110.97222222222223,68.08024691358025,60.704320987654334
14K488,90%,74%,54%,87%,83%,54%,82%,68%,50%,70%,75%,2012-2013,P,D,P,P,WD,14672.823529411764,2548.290429042904,15880.22112211221,85.46369636963698,116.32673267326733,46.745874587458744,41.5023102310231
14K586,74%,60%,35%,76%,46%,32%,82%,68%,50%,71%,74%,2013-2014,P,D,P,P,P,10012.63768115942,2180.727659574468,10324.14255319149,82.3434042553191,78.63191489361702,41.44871794871795,51.949145299145314
14K610,59%,45%,38%,63%,49%,24%,82%,68%,50%,85%,86%,2012-2013,D,D,D,D,D,10470.66339066339,2591.318181818182,10891.468531468532,80.57762237762242,87.78321678321679,49.06293706293706,55.247902097902085
14K632,92%,46%,31%,90%,53%,27%,82%,68%,50%,57%,80%,2013-2014,P,D,D,P,P,3752.731517509728,821.3669064748201,4686.021582733813,84.768345323741,36.32374100719424,13.776978417266188,38.44892086330937
15K429,88%,75%,54%,60%,54%,57%,82%,68%,50%,56%,73%,2011-2012,D,D,P,P,P,5529.216,914.9542483660131,6677.4477124183,87.25653594771242,47.205882352941174,19.88486842105263,43.79868421052633
15K448,80%,87%,74%,67%,90%,70%,82%,68%,50%,72%,80%,2013-2014,WD,WD,WD,WD,WD,12368.12669683258,1773.233962264151,12901.656603773585,87.87811320754707,89.12641509433962,34.33773584905661,37.832452830188686
15K462,60%,82%,53%,87%,85%,56%,82%,68%,50%,67%,78%,2012-2013,P,P,P,P,P,11275.864077669903,2073.1366666666668,12142.433333333332,84.99833333333335,91.41333333333333,40.696666666666665,44.303999999999995
15K463,77%,65%,42%,20%,61%,42%,82%,68%,50%,39%,62%,2013-2014,P,P,D,D,D,6933.555023923445,1556.744408945687,7085.846645367412,81.73067092651755,58.054313099041536,31.816129032258065,54.93903225806452
15K464,80%,39%,50%,90%,61%,36%,82%,68%,50%,64%,82%,2013-2014,P,P,P,P,P,9845.550898203594,1254.6616822429908,10537.471028037384,89.64635514018691,72.55514018691589,24.042990654205607,31.78186915887851
15K497,72%,47%,52%,73%,66%,41%,82%,68%,50%,57%,71%,2013-2014,WD,P,WD,P,WD,10086.777108433735,1473.7783985102421,10544.914338919925,86.72607076350096,72.80633147113593,26.437383177570094,38.20261682242988
15K519,83%,79%,41%,83%,73%,48%,82%,68%,50%,84%,92%,2013-2014,D,D,P,P,P,16272.628297362111,3510.188732394366,15313.230985915492,79.70760563380288,122.75211267605634,58.21408450704225,49.37690140845069
15K656,83%,83%,59%,89%,79%,63%,82%,68%,50%,54%,78%,2010-2011,P,P,P,P,P,24918.057971014492,2583.309523809524,26131.190476190477,90.53244047619043,177.77678571428572,47.68452380952381,27.944047619047645
16K393,71%,78%,19%,74%,65%,43%,82%,68%,50%,94%,98%,2011-2012,P,P,P,P,P,3055.6897959183675,977.9306930693069,4118.257425742574,80.5336633663366,35.13861386138614,20.128712871287128,58.3821782178218
16K455,55%,44%,19%,68%,42%,20%,82%,68%,50%,84%,82%,2012-2013,D,D,D,P,D,14523.448931116389,4121.412541254125,15080.580858085808,80.00561056105619,132.52805280528054,72.91333333333333,51.418333333333344
16K498,91%,59%,41%,83%,79%,33%,82%,68%,50%,73%,75%,2010-2011,P,P,P,P,D,16972.009685230023,2906.0411392405063,17975.490506329115,85.52183544303797,133.3006329113924,46.107594936708864,35.33607594936709
17K382,78%,71%,53%,68%,63%,47%,82%,68%,50%,59%,61%,2013-2014,P,P,P,P,P,8548.693163751987,1670.539534883721,9726.806976744187,86.00860465116281,74.02790697674419,29.832558139534882,38.48232558139535
17K408,64%,46%,42%,67%,68%,24%,82%,68%,50%,57%,53%,2012-2013,P,D,D,P,D,6799.1578947368425,1792.6511627906978,7612.484496124031,80.68837209302333,65.62403100775194,29.98062015503876,46.210852713178284
17K524,83%,66%,43%,88%,57%,39%,82%,68%,50%,86%,82%,2011-2012,P,P,P,P,P,11247.532846715329,1666.5482866043615,11338.769470404985,87.04922118380058,83.33333333333333,28.06875,33.00218750000002
17K600,69%,72%,58%,67%,77%,58%,82%,68%,50%,68%,56%,2012-2013,D,D,D,P,D,36631.08705882353,5229.115606936416,38750.79190751445,87.34971098265893,278.242774566474,89.64327485380117,33.16929824561403
17K528,83%,57%,52%,92%,55%,33%,82%,68%,50%,74%,82%,2012-2013,P,P,P,P,P,6640.960396039604,1117.4851851851852,7848.959259259259,86.64629629629633,60.81111111111111,21.918518518518518,38.709629629629625
17K531,88%,70%,58%,85%,82%,48%,82%,68%,50%,81%,79%,2010-2011,D,P,P,WD,P,8406.390158172231,1025.5459610027856,10848.690807799443,91.31002785515324,74.85793871866295,17.067226890756302,22.473949579831956
17K533,85%,54%,44%,57%,63%,30%,82%,68%,50%,75%,59%,2013-2014,P,D,D,WD,P,5968.477157360406,1965.739534883721,7568.930232558139,78.75023255813957,63.10697674418605,34.35813953488372,53.951627906976746
17K537,83%,68%,51%,85%,71%,46%,82%,68%,50%,77%,75%,2011-2012,P,D,D,D,D,11489.617021276596,1869.8770226537217,13091.129449838189,86.89773462783174,99.47249190938511,35.324590163934424,36.52327868852457
17K543,95%,96%,97%,92%,95%,89%,82%,68%,50%,92%,86%,2010-2011,P,P,WD,WD,WD,10717.88961038961,519.4096385542168,13331.527710843373,96.11301204819276,83.52530120481927,7.48433734939759,9.289638554216873
17K547,87%,64%,42%,89%,78%,48%,82%,68%,50%,67%,67%,2012-2013,WD,P,P,P,P,12214.773067331671,1477.0655737704917,13691.036065573771,89.34557377049177,98.42295081967212,26.229508196721312,28.331147540983608
17K548,85%,68%,40%,82%,72%,38%,82%,68%,50%,71%,64%,2013-2014,D,D,P,P,P,10407.410526315789,1779.7346153846154,11492.123076923077,85.6426923076923,85.75384615384615,33.30350194552529,40.53696498054472
17K590,92%,96%,84%,90%,92%,72%,82%,68%,50%,67%,72%,2012-2013,WD,P,P,WD,P,24440.41935483871,2099.3126385809314,27750.146341463416,93.08847006651885,179.940133037694,37.891352549889135,20.06541019955654
18K563,93%,89%,79%,97%,91%,77%,82%,68%,50%,86%,60%,2011-2012,P,WD,WD,WD,WD,18306.48410757946,1985.5278592375366,19876.958944281523,89.89178885630498,140.41055718475073,33.52785923753666,26.416715542521985
18K566,73%,51%,47%,82%,50%,36%,82%,68%,50%,62%,83%,2011-2012,D,D,P,P,P,6988.071428571428,1016.1617647058823,8135.775735294118,88.75220588235294,61.24632352941177,18.9375,29.74154411764708
18K567,71%,63%,45%,75%,66%,46%,82%,68%,50%,83%,81%,2013-2014,P,D,P,P,P,10863.172069825436,2475.478260869565,11795.782608695652,82.07463768115939,94.46739130434783,51.77173913043478,56.15181159420288
18K569,80%,72%,53%,82%,78%,47%,82%,68%,50%,87%,80%,2011-2012,P,P,P,P,P,10181.415384615384,1531.2981818181818,11922.850909090908,87.91927272727271,84.97090909090909,28.083636363636362,33.96727272727272
18K576,86%,87%,54%,93%,68%,56%,82%,68%,50%,86%,86%,2011-2012,P,P,WD,WD,WD,9704.388349514564,1501.0036900369005,11603.523985239852,88.22693726937267,84.1660516605166,31.291044776119403,37.86679104477609
18K589,84%,45%,45%,71%,55%,21%,82%,68%,50%,56%,81%,2012-2013,P,P,P,P,WD,7051.136363636364,1595.5232558139535,8049.302325581395,82.59186046511631,64.6046511627907,32.73255813953488,51.92441860465115
18K617,66%,68%,45%,82%,70%,51%,82%,68%,50%,68%,85%,2013-2014,D,D,D,P,P,8041.167883211679,1672.4774436090227,9656.19172932331,84.73909774436089,75.01127819548873,33.657794676806084,46.26197718631181
18K629,69%,65%,39%,68%,61%,37%,82%,68%,50%,74%,80%,2012-2013,D,D,D,D,D,10085.623036649215,1907.5090252707582,11221.736462093862,85.89566787003609,88.05776173285199,35.27797833935018,40.20072202166065
18K633,96%,93%,68%,96%,90%,60%,82%,68%,50%,66%,82%,2012-2013,WD,P,P,WD,WD,12700.463054187192,1531.3900709219859,14976.124113475178,90.01950354609927,103.92198581560284,30.9822695035461,31.747517730496465
18K637,86%,61%,41%,80%,68%,40%,82%,68%,50%,66%,69%,2013-2014,P,P,P,P,WD,8268.233009708738,1627.0645161290322,8785.474193548387,83.7658064516129,68.89032258064516,33.116129032258065,49.629677419354834
18K642,77%,68%,27%,82%,61%,46%,82%,68%,50%,73%,79%,2012-2013,P,P,D,P,P,8255.180487804879,1896.037617554859,8246.2131661442,80.81316614420061,68.2601880877743,37.623824451410655,56.14169278996869
19K404,84%,65%,49%,85%,80%,49%,82%,68%,50%,76%,80%,2011-2012,WD,WD,WD,WD,WD,10979.979797979799,1615.4317073170732,12730.648780487805,88.74975609756095,87.83658536585367,35.515970515970515,39.774447174447175
19K409,86%,87%,62%,93%,93%,62%,82%,68%,50%,56%,80%,2013-2014,P,D,P,P,P,9787.731147540984,1128.7087155963302,11404.979357798165,90.74564220183485,75.66743119266054,22.661290322580644,30.23870967741936
19K507,85%,70%,37%,74%,71%,34%,82%,68%,50%,72%,75%,2012-2013,WD,P,P,P,P,12503.276381909547,2584.6487455197134,13956.921146953406,84.18422939068107,109.97132616487455,45.9927797833935,41.32202166064984
19K502,83%,65%,15%,70%,72%,26%,82%,68%,50%,83%,78%,2012-2013,P,P,P,P,P,9232.42748091603,2508.576779026217,9744.38202247191,80.07977528089889,79.17228464419476,42.61216730038023,53.351711026615945
19K504,84%,57%,24%,68%,52%,25%,82%,68%,50%,80%,72%,2010-2011,WD,WD,P,P,WD,8475.979591836734,2712.1164383561645,8033.674657534247,74.99589041095889,74.45205479452055,47.32876712328767,63.54691780821918
19K510,82%,65%,47%,62%,58%,48%,82%,68%,50%,53%,58%,2012-2013,P,D,D,D,D,7661.955334987593,1930.2823129251701,7821.061224489796,79.68843537414973,66.078231292517,37.28231292517007,57.23775510204081
19K583,81%,29%,25%,87%,44%,18%,82%,68%,50%,87%,82%,2013-2014,P,D,D,P,P,8792.52923076923,1731.3710691823899,10416.245283018869,86.69811320754721,82.90566037735849,35.44654088050314,40.36163522012577
19K615,53%,67%,42%,47%,64%,37%,82%,68%,50%,60%,53%,2013-2014,D,D,D,D,D,25171.24582338902,4419.815561959655,24965.659942363112,84.91095100864544,186.20461095100865,70.54178674351586,37.836599423631114
19K618,90%,53%,53%,82%,67%,48%,82%,68%,50%,85%,81%,2013-2014,P,P,P,WD,P,11598.448192771084,2056.176646706587,11788.056886227545,84.81646706586824,87.17365269461078,38.452095808383234,44.296407185628745
19K639,70%,50%,30%,63%,53%,27%,82%,68%,50%,77%,79%,2013-2014,P,D,D,P,P,9991.033492822966,2812.5488958990536,9697.05047318612,78.76088328075706,86.6813880126183,50.97452229299363,57.056687898089194
19K659,77%,47%,34%,60%,50%,31%,82%,68%,50%,78%,80%,2013-2014,P,D,D,P,P,8064.408759124088,1747.944625407166,8347.830618892509,82.44853420195444,64.78501628664495,31.996742671009773,48.8560260586319
19K660,78%,65%,30%,75%,50%,26%,82%,68%,50%,76%,81%,2013-2014,P,P,P,P,P,12564.594059405941,3893.0822368421054,12006.628289473685,75.45328947368417,105.63157894736842,63.25986842105263,59.634868421052595
19K683,85%,83%,48%,83%,84%,39%,82%,68%,50%,72%,78%,2011-2012,WD,WD,WD,P,WD,8407.675417661098,1780.576802507837,8572.394984326018,82.24169278996864,67.42006269592477,33.65822784810127,50.610126582278475
20K445,77%,68%,60%,81%,70%,54%,82%,68%,50%,80%,75%,2013-2014,P,D,D,P,P,97635.9522673031,13663.847880299252,88240.5336658354,85.43541147132164,642.4588528678304,206.94763092269326,35.04064837905236
20K490,81%,70%,58%,81%,68%,58%,82%,68%,50%,85%,78%,2013-2014,D,D,D,P,D,122454.39436619719,11526.626262626263,117167.82828282828,90.60025252525256,815.0833333333334,192.32564102564103,24.55692307692309
20K505,70%,60%,49%,70%,58%,49%,82%,68%,50%,81%,82%,2011-2012,P,D,P,P,P,83454.04044943821,14219.60119047619,87481.0625,85.22351190476185,660.9077380952381,240.1619937694704,37.87289719626167
21K337,81%,50%,41%,95%,61%,41%,82%,68%,50%,84%,82%,2013-2014,P,P,P,P,P,10079.227722772277,1415.274193548387,11783.092741935483,88.66572580645158,86.375,26.516260162601625,31.389837398373984
21K344,81%,78%,52%,75%,70%,61%,82%,68%,50%,64%,81%,2013-2014,P,D,P,P,P,16254.939759036144,2602.275956284153,15302.557377049181,85.28032786885248,113.93989071038251,50.04109589041096,44.82410958904109
21K348,79%,74%,57%,74%,83%,40%,82%,68%,50%,70%,72%,2012-2013,D,D,D,P,P,7712.262773722628,2073.629757785467,7781.98615916955,78.06124567474055,63.09342560553633,36.391003460207614,58.441176470588246
21K410,76%,67%,55%,77%,69%,52%,82%,68%,50%,86%,77%,2012-2013,P,D,P,P,WD,58426.2,9186.597435897436,53084.097435897434,85.04846153846147,406.2641025641026,163.7120822622108,40.904113110539846
21K525,80%,78%,76%,81%,81%,67%,82%,68%,50%,85%,80%,2013-2014,P,D,P,P,D,106348.87323943662,9790.015,100833.0075,90.90799999999992,687.245,149.42131979695432,22.187055837563452
21K540,84%,74%,57%,86%,79%,56%,82%,68%,50%,83%,81%,2012-2013,P,D,D,P,D,59619.114285714284,7235.20202020202,55613.02777777778,86.89318181818189,400.510101010101,92.08607594936709,25.573417721518993
21K559,85%,91%,49%,93%,92%,40%,82%,68%,50%,72%,85%,2012-2013,P,P,P,P,P,8018.742014742014,1280.9477124183006,8371.54248366013,86.49248366013079,63.69281045751634,26.179738562091504,41.44019607843139
21K572,92%,75%,56%,86%,81%,64%,82%,68%,50%,81%,89%,2012-2013,P,P,WD,P,WD,8848.481927710844,1523.0873239436619,8431.0338028169,83.97971830985915,62.27323943661972,28.85269121813031,47.3549575070821
21K620,54%,61%,38%,73%,57%,27%,82%,68%,50%,81%,74%,2012-2013,P,D,D,WD,D,14540.258992805755,3033.906626506024,14370.762048192772,82.76626506024094,112.54518072289157,51.355421686746986,45.36506024096384
21K690,78%,76%,61%,83%,78%,55%,82%,68%,50%,55%,76%,2013-2014,P,D,D,D,D,16996.895705521474,1947.2046263345196,17375.896797153026,90.29234875444837,119.20818505338079,38.071174377224196,30.417259786476844
22K405,92%,85%,74%,93%,89%,74%,82%,68%,50%,93%,82%,2013-2014,P,P,P,P,P,111995.72792362768,8059.384039900249,108532.29177057356,92.03142144638409,715.852867830424,131.67830423940148,21.699251870324176
22K425,80%,75%,60%,85%,76%,63%,82%,68%,50%,80%,70%,2013-2014,D,D,P,WD,P,89524.96846846846,7969.555214723926,102740.31288343559,92.3880368098159,697.5398773006135,112.58899676375404,17.022653721682843
22K555,97%,97%,92%,97%,99%,90%,82%,68%,50%,37%,93%,2013-2014,WD,WD,P,WD,P,17706.028985507248,823.4362017804154,18136.66172106825,95.45667655786346,115.64985163204747,11.626865671641792,10.510149253731335
23K493,66%,55%,49%,62%,56%,40%,82%,68%,50%,71%,72%,2013-2014,P,D,P,P,P,8811.894988066826,2022.1340996168583,10286.022988505747,83.04980842911877,81.96551724137932,39.25868725868726,48.66563706563704
23K697,63%,73%,55%,74%,67%,47%,82%,68%,50%,51%,55%,2012-2013,D,D,D,D,P,6971.332136445242,1776.75,8014.66091954023,81.69454022988499,64.5316091954023,30.201149425287355,48.655747126436744
24Q293,93%,85%,59%,94%,80%,81%,85%,71%,56%,84%,97%,2013-2014,P,D,D,WD,P,14154.568720379148,1535.0418994413408,14129.438547486034,90.23575418994413,97.13966480446928,30.48169014084507,30.78450704225352
24Q296,65%,42%,33%,90%,50%,27%,85%,71%,56%,83%,87%,2013-2014,D,D,P,P,P,15060.923076923076,1735.6350710900474,17400.431279620854,90.10758293838866,126.63981042654028,34.51184834123223,29.233175355450246
24Q455,82%,61%,49%,80%,65%,40%,85%,71%,56%,88%,86%,2012-2013,D,D,D,D,D,53288.77142857143,6855.4820512820515,50374.11282051282,87.57820512820514,376.70512820512823,111.34871794871795,30.062820512820508
24Q485,70%,60%,37%,73%,58%,38%,85%,71%,56%,79%,76%,2013-2014,P,D,P,WD,P,48453.43058823529,9285.177545691906,43257.318537859006,82.60104438642304,341.8798955613577,158.07915567282322,45.11477572559367
24Q520,83%,74%,69%,81%,70%,50%,85%,71%,56%,80%,88%,2013-2014,P,P,P,P,D,15023.210126582278,1264.935064935065,16628.623376623378,92.97987012987011,111.76623376623377,22.628664495114005,19.799348534201947
24Q550,90%,83%,63%,91%,85%,58%,85%,71%,56%,75%,91%,2010-2011,WD,P,P,WD,P,23630.150121065377,2421.692957746479,24257.921126760564,90.67408450704218,166.34647887323945,44.82436260623229,27.971954674220942
24Q560,91%,86%,68%,93%,82%,73%,85%,71%,56%,81%,93%,2012-2013,D,D,D,P,D,12362.345276872964,1130.968487394958,13757.552521008403,92.91197478991593,90.33823529411765,19.418067226890756,18.89642857142858
24Q600,87%,80%,55%,82%,80%,62%,85%,71%,56%,74%,82%,2011-2012,WD,WD,WD,WD,WD,44567.76354679803,4846.65,45869.373529411765,89.70764705882353,312.99117647058824,72.82544378698225,24.530473372781078
25Q252,89%,92%,90%,87%,93%,86%,85%,71%,56%,60%,85%,2013-2014,WD,P,D,WD,D,10821.990783410138,666.8805394990366,11816.953757225434,94.38959537572256,74.35260115606937,10.876447876447877,15.350193050193058
25Q263,85%,70%,51%,71%,69%,58%,85%,71%,56%,88%,90%,2011-2012,P,P,P,P,P,12320.296296296296,1566.291338582677,15279.062992125984,90.37047244094492,108.94488188976378,30.0748031496063,28.295669291338573
25Q281,86%,92%,75%,87%,92%,80%,85%,71%,56%,71%,86%,2011-2012,WD,P,P,WD,WD,12342.109422492402,814.0612244897959,13747.749536178108,93.57588126159561,86.68831168831169,14.37291280148423,19.18608534322822
25Q285,98%,91%,76%,99%,95%,80%,85%,71%,56%,36%,84%,2011-2012,WD,WD,WD,WD,WD,11371.64500792393,878.5330661322645,11882.376753507015,93.06132264529063,76.25050100200401,15.551102204408817,20.539078156312623
25Q425,80%,66%,47%,82%,66%,51%,85%,71%,56%,79%,75%,2012-2013,P,P,P,P,P,99539.74285714286,15525.79326923077,84933.20432692308,84.34639423076922,646.8125,253.77884615384616,39.58533653846155
25Q460,68%,54%,41%,70%,57%,39%,85%,71%,56%,73%,67%,2013-2014,D,D,D,D,P,52816.704225352114,9429.687165775402,49565.641711229946,83.75882352941179,387.4465240641711,172.7560975609756,44.814092140921424
25Q670,89%,81%,75%,81%,82%,65%,85%,71%,56%,74%,90%,2013-2014,P,WD,WD,WD,P,20298.576923076922,2107.9319371727747,19657.90052356021,90.01727748691097,136.82722513089004,40.02368421052632,29.346315789473685
26Q415,82%,87%,73%,87%,84%,76%,85%,71%,56%,83%,75%,2013-2014,P,P,D,P,D,101876.34285714285,7786.348557692308,94963.36298076923,91.45360576923079,639.9423076923077,131.16826923076923,23.382932692307698
26Q430,92%,86%,77%,93%,86%,74%,85%,71%,56%,95%,93%,2011-2012,P,P,P,P,WD,120381.12676056338,9900.240932642488,119501.17098445595,91.43678756476677,801.0025906735751,156.91601049868765,22.29107611548555
26Q435,76%,53%,40%,65%,54%,45%,85%,71%,56%,70%,55%,2012-2013,D,D,D,D,D,40320.05714285714,5991.514423076923,34699.824519230766,85.38028846153847,266.1442307692308,110.95192307692308,41.63894230769232
26Q566,82%,90%,74%,86%,90%,74%,85%,71%,56%,65%,77%,2012-2013,WD,P,WD,WD,P,30701.494089834516,3135.889855072464,31877.53043478261,90.80028985507248,217.21159420289854,58.08479532163743,26.706432748538006
27Q260,79%,52%,40%,66%,59%,38%,85%,71%,56%,55%,72%,2013-2014,D,D,D,P,D,10660.608478802993,2539.9169329073484,10592.35463258786,80.888178913738,88.8849840255591,47.361022364217256,53.13546325878593
27Q262,89%,86%,61%,99%,97%,66%,85%,71%,56%,82%,88%,2011-2012,WD,P,P,P,P,14564.109589041096,1524.2211350293542,15866.606653620353,91.19941291585128,104.52837573385519,30.489236790606654,28.66594911937377
27Q302,76%,61%,46%,84%,72%,28%,85%,71%,56%,78%,75%,2013-2014,D,D,D,D,P,11627.423076923076,2138.099099099099,11968.972972972973,84.39639639639641,92.13213213213213,42.62613981762918,47.19270516717326
27Q308,91%,90%,65%,89%,95%,72%,85%,71%,56%,77%,86%,2013-2014,P,D,P,P,P,17288.763723150358,1382.4297082228118,17122.546419098144,92.32625994694966,114.73740053050398,26.23872679045093,24.203183023872693
27Q309,69%,65%,67%,81%,59%,55%,85%,71%,56%,80%,71%,2012-2013,P,P,P,P,P,11409.973094170404,1665.2025316455697,11775.645569620254,87.75406871609401,84.15189873417721,32.7377938517179,37.818444846292934
27Q400,31%,39%,24%,66%,40%,24%,85%,71%,56%,59%,57%,2012-2013,D,D,D,D,P,13652.600484261502,3182.3201219512193,13408.573170731708,81.83262195121956,111.16463414634147,59.74390243902439,51.60884146341465
27Q475,73%,58%,39%,74%,52%,36%,85%,71%,56%,80%,78%,2013-2014,D,P,D,P,D,53053.8,8010.30904522613,47855.64824120603,85.21532663316586,366.1708542713568,149.65075376884423,41.96155778894474
27Q480,78%,52%,40%,76%,55%,34%,85%,71%,56%,76%,70%,2013-2014,P,P,P,P,P,66604.64788732394,10940.63,58611.4,83.54699999999998,458.8175,203.65989847715736,45.53071065989849
27Q650,97%,98%,82%,99%,95%,74%,85%,71%,56%,70%,89%,2011-2012,WD,P,P,P,P,28624.8115942029,1832.6504065040651,27969.457994579945,93.46504065040641,182.06233062330622,30.132791327913278,17.93414634146341
28Q310,93%,80%,63%,90%,80%,68%,85%,71%,56%,69%,81%,2013-2014,P,P,D,P,D,12227.289833080426,1376.0434782608695,12652.518115942028,89.90471014492756,85.65760869565217,25.518115942028984,29.781159420289864
28Q350,86%,95%,80%,81%,82%,78%,85%,71%,56%,79%,82%,2013-2014,P,P,P,WD,P,14049.956834532373,1575.8640226628895,14388.481586402266,89.55524079320118,100.86118980169972,30.41926345609065,32.03767705382436
28Q505,83%,72%,56%,85%,74%,60%,85%,71%,56%,95%,89%,2013-2014,WD,WD,P,WD,WD,88399.83561643836,12186.891304347826,86143.17934782608,86.82907608695653,628.4021739130435,204.71794871794873,33.886609686609674
28Q680,100%,97%,83%,97%,95%,91%,85%,71%,56%,31%,79%,2013-2014,WD,P,WD,WD,WD,14094.188087774295,614.672480620155,15051.635658914729,95.89573643410846,92.65503875968992,7.5484496124031,8.74031007751937
28Q690,65%,76%,58%,57%,74%,50%,85%,71%,56%,60%,65%,2012-2013,D,D,D,P,D,14963.829787234043,1838.2896341463415,16053.646341463415,89.3960365853659,113.84146341463415,34.34461538461539,31.052307692307703
28Q896,90%,87%,93%,97%,85%,79%,85%,71%,56%,58%,82%,2013-2014,P,D,D,WD,D,11230.649006622516,853.2242990654206,13470.235981308411,93.66612149532716,85.2733644859813,14.883177570093459,18.747429906542077
29Q259,74%,75%,51%,79%,81%,59%,85%,71%,56%,75%,67%,2013-2014,D,D,D,P,D,11196.889589905362,1150.4363636363637,13816.452272727272,91.90818181818182,91.27954545454546,15.01590909090909,17.186136363636376
29Q272,81%,80%,50%,80%,84%,56%,85%,71%,56%,54%,66%,2013-2014,P,D,P,P,P,13513.464114832535,1835.065625,14531.64375,88.454375,106.36875,34.021875,32.982187499999995
29Q283,84%,80%,62%,88%,81%,54%,85%,71%,56%,88%,82%,2013-2014,P,WD,P,WD,WD,11046.785942492013,1388.5892857142858,12827.859375,90.12566964285722,87.78348214285714,21.950892857142858,24.378348214285683
29Q492,87%,69%,55%,80%,66%,50%,85%,71%,56%,71%,68%,2012-2013,P,P,P,P,P,11629.009615384615,2114.7189349112427,11414.275147928995,84.1002958579882,89.91124260355029,38.349112426035504,42.2896449704142
29Q498,78%,74%,51%,71%,78%,49%,85%,71%,56%,71%,70%,2013-2014,P,D,P,P,P,13338.071942446044,2223.5424836601305,14596.513071895424,86.42058823529409,110.16339869281046,44.0990099009901,41.33102310231024
30Q445,83%,66%,44%,81%,69%,46%,85%,71%,56%,78%,73%,2012-2013,D,D,D,P,D,65319.479452054795,8617.467966573817,65820.87465181059,87.7476323119777,483.7353760445682,148.17052023121389,31.567052023121363
30Q301,99%,97%,80%,98%,96%,76%,85%,71%,56%,87%,96%,2013-2014,WD,WD,WD,WD,P,15207.04347826087,1068.1898016997168,15453.12747875354,93.5555240793201,101.24079320113314,18.35127478753541,17.86232294617564
30Q450,79%,59%,40%,76%,63%,43%,85%,71%,56%,87%,75%,2013-2014,WD,WD,P,WD,WD,60978.114285714284,10230.275609756098,52121.90487804878,83.73390243902438,399.8780487804878,175.98048780487804,43.81585365853662
30Q502,78%,67%,57%,82%,68%,49%,85%,71%,56%,73%,73%,2013-2014,P,D,D,P,P,27367.52153110048,3222.575596816976,26738.08222811671,88.99124668435016,187.41114058355438,56.96808510638298,31.327127659574458
30Q575,93%,92%,87%,93%,89%,91%,85%,71%,56%,70%,91%,2013-2014,WD,P,P,WD,P,26732.72463768116,2007.6308139534883,28640.06104651163,92.75145348837204,188.9593023255814,33.38953488372093,19.75697674418605
30Q580,100%,98%,92%,99%,98%,98%,85%,71%,56%,54%,96%,2013-2014,P,D,P,WD,D,12030.479087452472,454.73880597014926,13232.291044776119,96.30298507462693,79.46766169154229,4.17910447761194,6.218905472636817
31R064,89%,80%,68%,89%,91%,62%,84%,78%,60%,52%,89%,2013-2014,D,P,P,P,P,13032.073891625616,1342.6532507739937,12879.02786377709,90.28390092879258,89.20123839009288,24.75232198142415,28.08668730650155
31R080,90%,92%,79%,86%,91%,79%,84%,78%,60%,87%,85%,2012-2013,WD,P,WD,WD,WD,14032.941780821919,1077.390937829294,15069.528977871443,93.24099051633289,93.13593256059009,17.51746031746032,19.032169312169323
31R440,81%,73%,51%,75%,78%,54%,84%,78%,60%,79%,75%,2011-2012,WD,P,WD,WD,WD,81498.34615384616,10121.56090651558,81273.776203966,88.6835694050992,578.2379603399434,136.05982905982907,24.228205128205115
31R445,70%,61%,42%,75%,67%,43%,84%,78%,60%,82%,79%,2013-2014,P,P,P,P,P,44185.83732057416,6679.284263959391,40035.807106598986,85.60456852791874,304.0862944162437,113.01015228426395,36.845431472081216
31R450,78%,79%,51%,73%,80%,56%,84%,78%,60%,86%,69%,2013-2014,WD,P,WD,WD,WD,67719.66203703704,10947.036211699164,66529.07520891365,86.33955431754879,500.4456824512535,184.14529914529913,35.23133903133905
31R455,90%,83%,66%,90%,85%,66%,84%,78%,60%,91%,80%,2011-2012,WD,P,P,WD,WD,107083.60563380281,10387.018372703413,102896.79790026246,90.1593175853019,702.9186351706037,190.44179894179894,28.964550264550265
32K545,77%,70%,42%,86%,59%,53%,82%,68%,50%,78%,88%,2012-2013,D,D,D,P,D,15384.58762886598,2943.1966666666667,16176.256666666666,83.71133333333337,121.4,56.91,48.557333333333325
32K549,88%,55%,34%,88%,69%,31%,82%,68%,50%,73%,85%,2013-2014,P,P,D,P,P,11059.30174563591,2777.262195121951,10607.173780487805,78.97865853658537,89.13414634146342,50.72560975609756,56.86432926829269
